accuracy_including_C,accuracy_excluding_C,roc_auc_including_C,roc_auc_excluding_C,ECE_including_C,ECE_excluding_C,n_samples
0.6170731707317073,0.6173469387755102,0.6225130570393322,0.6226131973339397,0.1621507836651943,0.16186185085965146,13530
