accuracy_including_C,accuracy_excluding_C,roc_auc_including_C,roc_auc_excluding_C,ECE_including_C,ECE_excluding_C,n_samples
0.2638888888888889,0.2638888888888889,0.6782522343594837,0.6782522343594837,0.6637500000000003,0.6637500000000003,72
