accuracy_including_C,accuracy_excluding_C,roc_auc_including_C,roc_auc_excluding_C,ECE_including_C,ECE_excluding_C,n_samples
0.61,0.6161616161616161,0.8629676334594367,0.8593615185504745,0.1545293175631135,0.15351124172602923,100
