accuracy_including_C,accuracy_excluding_C,roc_auc_including_C,roc_auc_excluding_C,ECE_including_C,ECE_excluding_C,n_samples
0.635424091233072,0.6356053044346214,0.7827931550776339,0.7827534839847587,0.0833768387577118,0.08329185259075955,14030
