accuracy_including_C,accuracy_excluding_C,roc_auc_including_C,roc_auc_excluding_C,ECE_including_C,ECE_excluding_C,n_samples
0.6365902293120638,0.6366809116809117,0.6853622403874524,0.6854278335427255,0.1576598715474685,0.15756141381423558,14042
