accuracy_including_C,accuracy_excluding_C,roc_auc_including_C,roc_auc_excluding_C,ECE_including_C,ECE_excluding_C,n_samples
0.5774818401937046,0.5787595460709443,0.7369096731232141,0.7366987239559076,0.04408916108816408,0.0449575333666405,14042
