accuracy_including_C,accuracy_excluding_C,roc_auc_including_C,roc_auc_excluding_C,ECE_including_C,ECE_excluding_C,n_samples
0.3089430894308943,0.3313953488372093,0.5853371173030615,0.5823655606407323,0.5971449864498646,0.5805276162790698,738
