accuracy_including_C,accuracy_excluding_C,roc_auc_including_C,roc_auc_excluding_C,ECE_including_C,ECE_excluding_C,n_samples
0.673469387755102,0.673469387755102,0.6221590909090908,0.6221590909090908,0.12492161286116048,0.12492161286116048,98
