accuracy_including_C,accuracy_excluding_C,roc_auc_including_C,roc_auc_excluding_C,ECE_including_C,ECE_excluding_C,n_samples
0.6363636363636364,0.6428571428571429,0.5185185185185186,0.5201814058956916,0.34444444444444444,0.33775510204081627,99
