accuracy_including_C,accuracy_excluding_C,roc_auc_including_C,roc_auc_excluding_C,ECE_including_C,ECE_excluding_C,n_samples
0.2558139534883721,0.27645502645502645,0.6939136867287836,0.6807204149646179,0.37270501835985315,0.3656084656084656,817
