accuracy_including_C,accuracy_excluding_C,roc_auc_including_C,roc_auc_excluding_C,ECE_including_C,ECE_excluding_C,n_samples
0.6007732146764899,0.6011678832116788,0.5101645838411835,0.5102807563942752,0.3459778247866364,0.34557737226277363,13709
