accuracy_including_C,accuracy_excluding_C,roc_auc_including_C,roc_auc_excluding_C,ECE_including_C,ECE_excluding_C,n_samples
0.5908336524958508,0.5909845485889413,0.5479796045774415,0.5479428452852245,0.22914719775309578,0.22900140467373264,7833
