accuracy_including_C,accuracy_excluding_C,roc_auc_including_C,roc_auc_excluding_C,ECE_including_C,ECE_excluding_C,n_samples
0.26774595267745954,0.2792207792207792,0.5637201392184781,0.5596144982191494,0.6642590286425901,0.6536363636363637,803
