accuracy_including_C,accuracy_excluding_C,roc_auc_including_C,roc_auc_excluding_C,ECE_including_C,ECE_excluding_C,n_samples
0.5969235151687794,0.5973063493194612,0.7709884275829159,0.7711845110873504,0.05900156672838623,0.058683104111736634,14042
