accuracy_including_C,accuracy_excluding_C,roc_auc_including_C,roc_auc_excluding_C,ECE_including_C,ECE_excluding_C,n_samples
0.29,0.29292929292929293,0.5322972316658572,0.5305418719211823,0.3630264617596043,0.36755205419286097,100
