accuracy_including_C,accuracy_excluding_C,roc_auc_including_C,roc_auc_excluding_C,ECE_including_C,ECE_excluding_C,n_samples
0.3382352941176471,0.360313315926893,0.48506441223832536,0.4763235729074238,0.26227103333846186,0.25250186603453145,816
