accuracy_including_C,accuracy_excluding_C,roc_auc_including_C,roc_auc_excluding_C,ECE_including_C,ECE_excluding_C,n_samples
0.2828282828282828,0.2828282828282828,0.4346076458752515,0.4346076458752515,0.3903087893795831,0.3903087893795831,99
